{
  "en": {
    "3-5 business days": "3-5 business days",
    "Art": "Art",
    "Appliances": "Appliances",
    "Cookware": "Cookware",
    "Drinkware": "Drinkware",
    "Electronics": "Electronics",
    "Food": "Food",
    "Bookmarks": "Bookmarks",
    "Cart": "Cart",
    "Cart reset": "Cart reset",
    "Category:": "Category:",
    "Confirm order": "Confirm order",
    "Contact info:": "Contact info:",
    "Dark": "Dark",
    "Estimated delivery time:": "Estimated delivery time:",
    "Filters": "Filters",
    "Home": "Home",
    "Item": "Item",
    "Language": "Language",
    "Light": "Light",
    "Loading...": "Loading...",
    "Location:": "Location:",
    "Mode": "Mode",
    "No bookmarks": "No bookmarks",
    "No filters found": "No filters found",
    "No images - Contact seller": "No images - Contact seller",
    "No items in cart": "No items in cart",
    "No results found": "No results found",
    "None": "None",
    "Note:": "Note:",
    "Price": "Price",
    "Price:": "Price:",
    "Recommendations": "Recommendations",
    "Reset cart": "Reset cart",
    "Restart the app to apply changes": "Restart the app to apply changes",
    "Search": "Search",
    "Settings": "Settings",
    "System": "System",
    "Thank you for your purchase!": "Thank you for your purchase!",
    "Thumbnail": "Thumbnail",
    "Total:": "Total:",
    "Oslo": "Oslo",
    "Bergen": "Bergen",
    "Trondheim": "Trondheim",
    "Tromsø": "Tromsø"
  },
  "fr": {
    "3-5 business days": "3-5 jours ouvrables",
    "Art": "Art",
    "Appliances": "Appareils",
    "Cookware": "Cuisine",
    "Drinkware": "Vaisselle",
    "Electronics": "Électronique",
    "Food": "Nourriture",
    "Bookmarks": "Signets",
    "Cart": "Panier",
    "Cart reset": "Panier réinitialisé",
    "Category:": "Catégorie:",
    "Confirm order": "Confirmer la commande",
    "Contact info:": "Coordonnées:",
    "Dark": "Sombre",
    "Estimated delivery time:": "Délai de livraison estimé:",
    "Filters": "Filtres",
    "Home": "Accueil",
    "Item": "Article",
    "Language": "Langue",
    "Light": "Clair",
    "Loading...": "Chargement...",
    "Location:": "Emplacement:",
    "Mode": "Mode",
    "No bookmarks": "Aucun signet",
    "No filters found": "Aucun filtre trouvé",
    "No images - Contact seller": "Aucune image - Contactez le vendeur",
    "No items in cart": "Aucun article dans le panier",
    "No results found": "Aucun résultat trouvé",
    "None": "Rien",
    "Note:": "Note:",
    "Price": "Prix",
    "Price:": "Prix:",
    "Recommendations": "Recommandations",
    "Reset cart": "Réinitialiser le panier",
    "Restart the app to apply changes": "Redémarrez l'application pour appliquer les modifications",
    "Search": "Recherche",
    "Settings": "Paramètres",
    "System": "Système",
    "Thank you for your purchase!": "Merci pour votre achat!",
    "Thumbnail": "Vignette",
    "Total:": "Total:"
  },
  "no": {
    "3-5 business days": "3-5 arbeidsdager",
    "Art": "Kunst",
    "Appliances": "Apparater",
    "Cookware": "Kjøkkenutstyr",
    "Drinkware": "Drikkeutstyr",
    "Electronics": "Elektronikk",
    "Food": "Mat",
    "Bookmarks": "Bokmerker",
    "Cart": "Handlekurv",
    "Cart reset": "Handlekurv tømt",
    "Category:": "Kategori:",
    "Confirm order": "Bekreft bestilling",
    "Contact info:": "Kontaktinformasjon:",
    "Dark": "Mørk",
    "Estimated delivery time:": "Estimert leveringstid:",
    "Filters": "Filtre",
    "Home": "Hjem",
    "Item": "Vare",
    "Language": "Språk",
    "Light": "Lys",
    "Loading...": "Laster...",
    "Location:": "Sted:",
    "Mode": "Modus",
    "No bookmarks": "Ingen bokmerker",
    "No filters found": "Ingen filtre funnet",
    "No images - Contact seller": "Ingen bilder - Kontakt selger",
    "No items in cart": "Ingen varer i handlekurv",
    "No results found": "Ingen resultater funnet",
    "None": "Ingen",
    "Note:": "NB:",
    "Price": "Pris",
    "Price:": "Pris:",
    "Recommendations": "Anbefalinger",
    "Reset cart": "Tøm handlekurv",
    "Restart the app to apply changes": "Start appen på nytt for å bruke endringene",
    "Search": "Søk",
    "Settings": "Innstillinger",
    "System": "System",
    "Thank you for your purchase!": "Tusen takk for kjøpet!",
    "Thumbnail": "Miniatyrbilde",
    "Total:": "Totalt:"
  },
  "zh": {
    "3-5 business days": "明天就到",
    "Art": "艺术",
    "Appliances": "电器",
    "Cookware": "炊具",
    "Drinkware": "饮具",
    "Electronics": "电子产品",
    "Food": "食品",
    "Bookmarks": "书签",
    "Cart": "购物车",
    "Cart reset": "购物车已重置",
    "Category:": "类别：",
    "Confirm order": "确认订单",
    "Contact info:": "联系信息：",
    "Dark": "暗",
    "Estimated delivery time:": "预计送达时间：",
    "Filters": "筛选",
    "Home": "主页",
    "Item": "项目",
    "Language": "语言",
    "Light": "亮",
    "Loading...": "装载。。。",
    "Location:": "所在位：",
    "Mode": "显示模式",
    "No bookmarks": "没有书签",
    "No filters found": "找不到筛选",
    "No images - Contact seller": "没有图片 - 联系卖家",
    "No items in cart": "购物车无商品",
    "No results found": "无结果",
    "None": "无",
    "Note:": "注意：",
    "Price": "价钱",
    "Price:": "价钱：",
    "Recommendations": "推荐",
    "Reset cart": "重置购物车",
    "Restart the app to apply changes": "重启APP以应用更改",
    "Search": "搜索",
    "Settings": "设置",
    "System": "系统",
    "Thank you for your purchase!": "感谢您的购买！",
    "Thumbnail": "缩略图",
    "Total:": "总计：",
    "Oslo": "奥斯陆",
    "Bergen": "卑尔根",
    "Trondheim": "特隆赫姆",
    "Tromsø": "特罗姆瑟"
  }
}
